{"_timestamp":1.7713273538011096e+09,"_step":0,"_wandb":{"runtime":13},"_runtime":13.268278254,"debug/started":1}